OBJECTID,OS_ID,PARK_ID,Name,Type,Acres,Avg. Lat,Avg. Long
1,2000,,Wilson Park,"Malls, Squares & Plazas",0.09718357,42.340991124000055,-71.14592892599995
2,156,156,James H. Roberts Playground,Playgrounds,1.00413568,42.35952553200005,-71.12533246149997
3,284,284,Smith Playground,Playgrounds,15.02524742,42.36507196100004,-71.13104615899996
4,115,115,Fern Square,"Malls, Squares & Plazas",0.04450911,42.35953406100006,-71.13329072949998
5,259,259,Ringer Playground,Playgrounds,10.26309317,42.35045632200007,-71.13812892049995
6,193,193,McKinney Playground,Playgrounds,5.89186071,42.35463145150004,-71.15292741949997
7,154,154,Hobart Park,Parks,0.80891409,42.35572421900005,-71.16132052399996
8,188,188,Market Street Burying Ground,Cemeteries & Burying Grounds,0.39538045,42.35045317300006,-71.15234523399997
9,162,162,Jackson Square,"Malls, Squares & Plazas",0.12032328,42.34597978600004,-71.15274223099996
10,3000,,Reilly Playground,Playgrounds,6.96749208,42.33700505250005,-71.15269437699996
11,3001,,Boyden Park,"Malls, Squares & Plazas",0.48183069,42.33954287650005,-71.16637026649997
12,110,110,Evergreen Cemetery,Cemeteries & Burying Grounds,20.77387518,42.33839303100004,-71.16238493699996
13,143,143,Hardiman Playground,Playgrounds,1.47315094,42.35136046800005,-71.16619070499996
14,267,267,Rogers Park,Parks,8.17184526,42.34762765100004,-71.15944217249998
15,128,128,Chandler Pond,Parks,19.03417426,42.345034207000054,-71.16574343999994
16,210,210,Mullen Square,"Malls, Squares & Plazas",0.22676977,42.319336472500055,-71.05802175199995
17,89,089,Dorchester North Burying Ground,Cemeteries & Burying Grounds,3.30419728,42.317206903000056,-71.06373744749996
18,92,092,Downer Avenue Playground,Playgrounds,0.77917123,42.31154402100006,-71.06173662799995
19,251,251,Quincy/Stanley Play Area,Parks,0.37525126,42.31108400200006,-71.06878294449996
20,80,080,Deer Street Park,Parks,0.24657505,42.310999277000064,-71.05873330549994
21,3002,,Savin Hill Beach,"Parkways, Reservations & Beaches",3.43397589,42.30725802400005,-71.05146770649995
22,70,070,Coppens Square,"Malls, Squares & Plazas",0.35705028,42.30841677250007,-71.06437005599997
23,3003,,Old Harbor Park,"Parkways, Reservations & Beaches",8.04452136,42.319906344500026,-71.04038230249995
24,191,191,McConnell Park,Parks,6.76240432,42.30891298350005,-71.05142915899995
25,27,027,Boston Common,Parks,45.74095034,42.355043019500044,-71.06566726199995
26,47,047,Central Burying Ground,Cemeteries & Burying Grounds,1.48917439,42.352889919000035,-71.06609636049996
27,246,246,Public Garden,Parks,23.50816815,42.35406365850005,-71.06998497349994
28,137,137,Granary Burying Ground,Cemeteries & Burying Grounds,1.85683737,42.35734815300006,-71.06175088449996
29,237,237,Phillips Street Play Area,Parks,0.11527547,42.36053411550003,-71.06731313549997
30,212,212,Myrtle Street Playground,Playgrounds,0.16074066,42.35919916450004,-71.06609477899994
31,69,069,Copley Square Park,"Malls, Squares & Plazas",1.85443363,42.35001045200005,-71.07619749699998
32,58,058,Clarendon Street Playlot,Parks,0.32391688,42.352799163500066,-71.07658285199997
33,81,081,DeFilippo Playground,Playgrounds,1.11810624,42.36653117450007,-71.05697828849998
34,71,071,Copp's Hill Burying Ground,Cemeteries & Burying Grounds,1.9815775,42.36735748150005,-71.05578552599997
35,72,072,Copp's Hill Terrace,"Malls, Squares & Plazas",0.61203713,42.36780996600004,-71.05531743649996
36,123,123,Foster Street Play Area,Parks,0.10758423,42.36743203650005,-71.05406256899997
37,52,052,Charter Street Park,Parks,0.23871022,42.36680027950007,-71.05329171699995
38,231,231,Paul Revere Mall,"Malls, Squares & Plazas",0.85716454,42.36576163750007,-71.05361206949996
39,240,240,Polcari Park,Parks,0.27894045,42.36503583250004,-71.05445404199995
40,77,077,Cutillo Park,Parks,0.28935655,42.36355771050006,-71.05638394049998
41,2141,,City Hall Plaza,"Malls, Squares & Plazas",6.01397006,42.36050201350005,-71.05893443449995
42,7008,,Norman Leventhal Park,Parks,1.54089431,42.35627479650003,-71.05557483799996
43,10,010,Angell Memorial Square,"Malls, Squares & Plazas",0.17664515,42.35709628150005,-71.05608246699995
44,2144,,Union Street Park I,"Malls, Squares & Plazas",0.50833641,42.36101105050005,-71.05719540499999
45,175,175,Langone Park,Parks,2.1838685,42.36865442750005,-71.05613505699995
46,3004,,Prince Street Park,"Parkways, Reservations & Beaches",1.28400688,42.36802855300007,-71.05789255349995
47,252,252,Rachel Revere Square,"Malls, Squares & Plazas",0.08036273,42.36355583750006,-71.05351355449997
48,299,299,Tai Tung Park,Parks,0.03349567,42.348302499000056,-71.06152537599996
49,101,101,Leo F. McCarthy Playground,Playgrounds,1.33874237,42.37944579850003,-71.06837900249994
50,3005,,City Square,"Malls, Squares & Plazas",1.20876298,42.371697128500045,-71.06188031799996
51,145,145,John Harvard Mall,"Malls, Squares & Plazas",0.82983814,42.37263334350007,-71.06256813299996
52,3006,,Paul Revere Park,"Parkways, Reservations & Beaches",6.40064499,42.370095084500036,-71.06240072799997
53,51,051,Charlestown H.S. Athletic Fields,Athletic Fields,10.41698001,42.38092118150007,-71.05754797449995
54,274,274,Ryan Playground,Playgrounds,8.77653179,42.38608888650006,-71.07126612149997
55,15,015,Barry Playground,Playgrounds,3.5513371,42.37935769900005,-71.05344189749997
56,87,087,Doherty Playground,Playgrounds,3.75245886,42.38235938450006,-71.06754656849998
57,7010,,St Francis De Sales Cemetery,Cemeteries & Burying Grounds,1.79988905,42.38161693450007,-71.06570777899998
58,5000,,Bunker Hill Monument,"Malls, Squares & Plazas",3.77625645,42.37631527350004,-71.06078793849997
59,238,238,Phipps Street Burying Ground,Cemeteries & Burying Grounds,1.72179063,42.376262739000055,-71.06765486499998
60,326,326,Winthrop Square,"Malls, Squares & Plazas",0.900859,42.374347930000056,-71.06014700249997
61,148,148,Hayes Square,"Malls, Squares & Plazas",0.1747193,42.37684996200005,-71.05680850649995
62,2006,,Charlestown Sprouts Garden,Community Gardens,0.4765882,42.38188956850007,-71.05825412899998
63,98,098,East Boston Memorial Park I,Parks,17.6796181,42.37177714000006,-71.02963541099996
64,216,216,Noyes Playground,Playgrounds,8.31709266,42.38778300300004,-71.01026262199994
65,7011,,Temple Ohabei Shalom Cemetery,Cemeteries & Burying Grounds,2.33966592,42.382425455500055,-71.01493432199996
66,74,074,Cuneo Park,Parks,0.23069055,42.38369560400005,-71.01675952899998
67,22,022,Bennington Street Cemetery,Cemeteries & Burying Grounds,3.59002599,42.38096238250003,-71.02100471149998
68,9,009,American Legion Playground,Playgrounds,3.3805977,42.38196225000007,-71.02945586349995
69,245,245,Prescott Square,"Malls, Squares & Plazas",0.27470857,42.38113743450003,-71.03088494449997
70,249,249,Putnam Square,"Malls, Squares & Plazas",0.26683758,42.380332453500074,-71.03296660799998
71,226,226,Paris Street Playground,Playgrounds,1.28144947,42.37224943250004,-71.03703687249998
72,33,033,Brophy Park,Parks,0.78252588,42.36570099350007,-71.03356372899998
73,296,296,Sumner & Lamson Street Playground,Playgrounds,0.47865985,42.36595821550006,-71.03244333599994
74,1001,,Condor Street Beach I,Urban Wilds,2.74385229,42.383108395500045,-71.02973534899996
75,97,097,East Boston Greenway,"Parkways, Reservations & Beaches",3.50179329,42.369364187500025,-71.03694722699996
76,298,298,Symphony Community Park,Parks,0.47762031,42.34475255700005,-71.08762613299996
77,99,099,Edgerly Road Playground,Playgrounds,0.12319958,42.34627961850006,-71.08795845399996
78,63,063,Commonwealth Avenue Mall II,"Malls, Squares & Plazas",0.97100607,42.34900156300006,-71.09391703849997
79,7015,,Stony Brook Sewer Easement,"Malls, Squares & Plazas",0.31277237,42.34111655150005,-71.09159709999997
80,3007,,Gallops Island,"Parkways, Reservations & Beaches",25.09617342,42.326805697000054,-70.93796322199998
81,3008,,Lovells Island,"Parkways, Reservations & Beaches",60.96033399,42.33003024850004,-70.92771892499994
82,3009,,Georges Island,"Parkways, Reservations & Beaches",40.45544066,42.31996587100005,-70.92833319199997
83,7016,,Thompson Island,"Parkways, Reservations & Beaches",169.88699023,42.31531870900005,-71.00832116749996
84,3017,,Connell Fields/Hickey Courts,Athletic Fields,16.78363393,42.25621687450004,-71.13376719349995
85,3018,,Weider Park,Parks,6.88373071,42.27095094300006,-71.12349374599998
86,1002,,Monterey Hilltop I,Urban Wilds,6.67237544,42.27046190800007,-71.12710597699996
87,1003,,Sherrin Woods I,Urban Wilds,23.948824,42.26722554850005,-71.12362809499996
88,3019,,Doyle Playground,Playgrounds,0.94494899,42.260953476000054,-71.11163854649996
89,1004,,West Street,Urban Wilds,2.5055118,42.25690304450006,-71.11636430699997
90,84,084,Dell Rock I,Urban Wilds,1.30443817,42.260205844500064,-71.12206761449994
91,7,007,Amatucci Playground,Playgrounds,0.46590072,42.248564631500045,-71.12643704199996
92,3020,,Moynihan Playground,Playgrounds,7.18636757,42.24406469200005,-71.12510547399995
93,160,160,Iacono/Readville Playground,Playgrounds,4.91446373,42.239588594000054,-71.13485287549994
94,3021,,Camp Meigs,Parks,2.86609445,42.23481143600003,-71.13188803599996
95,166,166,Jeremiah Hurley Memorial Park,"Malls, Squares & Plazas",0.07297301,42.237452354000055,-71.13236031549997
96,3022,,Stony Brook Recreation Complex,Parks,27.39580723,42.248709621000046,-71.13589056149993
97,321,321,Williams Square,"Malls, Squares & Plazas",0.03806014,42.24605776100006,-71.11491716649996
98,3023,,Dana Avenue Urban Wild I,Urban Wilds,0.77727562,42.25223478400005,-71.12189599549998
99,3024,,Mother Brook Reservation,"Parkways, Reservations & Beaches",30.39329582,42.24509833700006,-71.14050410649998
100,199,199,Mission Hill Playground,Playgrounds,2.76091488,42.333086857500035,-71.09918796599996
101,133,133,Gibbons Playground,Playgrounds,0.10489898,42.33117652450005,-71.09838318299995
102,209,209,Mozart Street Playground,Playgrounds,0.80633719,42.322382053500064,-71.10449718399994
103,19,019,Beecher Street Play Area,Parks,0.17425723,42.318200930000074,-71.10689273999995
104,7021,,Lawrence Farm,Open Land,41.1616755,42.303777975500054,-71.13665300849996
105,341,341,Soldier's Monument,"Malls, Squares & Plazas",0.13269948,42.309442181000065,-71.11584899299996
106,107,107,English H.S. Athletic Fields,Athletic Fields,7.63387255,42.30768812650004,-71.10764619099996
107,2013,,Johnson Park II,Parks,0.17064967,42.311164496500055,-71.10749783199995
108,3025,,Johnson Park I,Parks,2.60107852,42.31160160300004,-71.10793963899994
109,185,185,Mahoney Square,"Malls, Squares & Plazas",0.0602203,42.321920375000076,-71.10988524449996
110,1005,,Back of the Hill Urban Wild,Urban Wilds,3.71652063,42.329838694000046,-71.11007305099997
111,302,302,Thetford/Evans Playground,Playgrounds,0.68323955,42.283238929500044,-71.07779488749995
112,1006,,Woodhaven,Urban Wilds,1.22255816,42.271932834500035,-71.09607649399996
113,1007,,Gladeside I,Urban Wilds,10.29017524,42.27436287200004,-71.08710851799995
114,1008,,Willowwood Rock,Urban Wilds,0.55885711,42.285474469000064,-71.08607444599994
115,3026,,Msgr. Francis A. Ryan Park,Parks,6.14183597,42.270017307000046,-71.08545282099996
116,310,310,Walker Playground,Playgrounds,5.95396661,42.27800456600005,-71.08952794399997
117,3027,,Kennedy Playground,Playgrounds,0.26005249,42.26535889850004,-71.09607414599995
118,7026,,Forest Hills Cemetery,Cemeteries & Burying Grounds,243.78709001,42.294444441500076,-71.10566937349998
119,313,313,Walter Street Cemetery,Cemeteries & Burying Grounds,0.86134391,42.29317381550004,-71.12988359449997
120,223,223,Pagel Playground,Playgrounds,2.71725419,42.28917269400006,-71.11881044049994
121,229,229,Parkman Playground,Playgrounds,2.06827268,42.295967927500044,-71.11311762499994
122,112,112,Fallon Field,Athletic Fields,7.51214641,42.28757174900005,-71.13524941649996
123,241,241,Poplar Street Play Area,Parks,0.43611834,42.280778077000036,-71.12642474249998
124,2015,,Delano Park,"Malls, Squares & Plazas",0.20638751,42.280005508000045,-71.12607115099996
125,7028,,Toll Gate Cemetery,Cemeteries & Burying Grounds,0.90486582,42.29479338950006,-71.11738631099996
126,94,094,Dudley Town Common,"Malls, Squares & Plazas",0.61711798,42.32657992800003,-71.07562802749996
127,170,170,King Street Play Area,Parks,0.1252945,42.330329141500044,-71.09278129049994
128,164,164,Jeep Jones Park,Parks,1.81821592,42.330708266000045,-71.09222258699995
129,180,180,Linwood Park,"Malls, Squares & Plazas",0.07384486,42.328530744000034,-71.09469041599996
130,172,172,Kittredge Park,"Malls, Squares & Plazas",0.11614305,42.32808111750006,-71.09252923499997
131,1009,,Rockledge Street Urban Wild,Urban Wilds,0.51363738,42.32644803850005,-71.09017762499994
132,292,292,St James Street Park,Parks,0.39295057,42.32692187050006,-71.08514652649998
133,186,186,Malcolm X Park I,Parks,15.24316864,42.32173362550006,-71.08924205799997
134,157,157,Horatio Harris Park,Parks,2.52211074,42.31860300400004,-71.09003208449997
135,306,306,Trotter School Playground,Playgrounds,1.24409101,42.31514597100005,-71.08873768449996
136,73,073,Crawford Street Playground,Playgrounds,2.56768548,42.31547495250007,-71.09266835549994
137,311,311,Father Jack Play Area,Parks,0.31972415,42.31448884900007,-71.09417351399998
138,119,119,Flaherty Playground,Playgrounds,1.31089218,42.31166498400003,-71.10433970549997
139,187,187,Marcella Playground,Playgrounds,5.09023284,42.32287224700008,-71.09620288499994
140,152,152,Highland Park,Parks,3.63283913,42.32521874150004,-71.09492456749996
141,45,045,Cedar Square,Parks,0.61566382,42.32481831150005,-71.08954577999998
142,105,105,Elm Hill Park,"Malls, Squares & Plazas",0.11791867,42.31292516950003,-71.08213526149999
143,250,250,Quincy Street Play Area,Parks,0.54606112,42.31472198450004,-71.07972195349998
144,158,158,Howes Playground,Playgrounds,1.89271114,42.324285288000056,-71.07871064449995
145,181,181,Little Scobie Playground,Playgrounds,0.79442312,42.322747562000046,-71.08072187549996
146,108,108,Erie/Ellington Playground,Playgrounds,0.37053063,42.30133707750005,-71.08342471299994
147,247,247,Puddingstone Park,Parks,0.54822668,42.30522708950005,-71.08374539749997
148,100,100,Bynoe Park,Parks,2.67513375,42.32953086850006,-71.07655408149995
149,1010,,Buena Vista,Urban Wilds,1.47775025,42.32355593750006,-71.08335593449996
150,183,183,Madison Park H.S. Athletic Fields,Athletic Fields,9.60646747,42.33251385950004,-71.08685217599995
151,85,085,Dennis Street Park,Parks,0.68561997,42.322445721000065,-71.07485171649995
152,155,155,Holborn Street Playlot,Parks,0.14143004,42.31535749750006,-71.08260841649994
153,196,196,Medal of Honor Park,"Malls, Squares & Plazas",6.18321088,42.336559684000065,-71.03233982599994
154,57,057,Christopher Lee Playground,Playgrounds,5.43840854,42.33770527300004,-71.03181776499997
155,146,146,Hawes Burying Ground,Cemeteries & Burying Grounds,0.24322679,42.33431782550005,-71.03451797649996
156,307,307,Union Burying Ground,Cemeteries & Burying Grounds,0.12032393,42.33410216200008,-71.03451242899996
157,5001,,Dorchester Heights NHS,"Malls, Squares & Plazas",4.40435229,42.332871705500054,-71.04622996199998
158,118,118,Flaherty Park,Parks,0.25204014,42.34188132700004,-71.05305645249996
159,35,035,Buckley Playground,Playgrounds,0.64952408,42.33934715750004,-71.04912424699995
160,268,268,Ronan Park,Parks,11.2413665,42.304354493000034,-71.06263071199996
161,206,206,Mt. Bowdoin Green,"Malls, Squares & Plazas",0.53822545,42.30247211900004,-71.07611388049995
162,39,039,Byrne Playground,Playgrounds,1.18864855,42.30091764800005,-71.05240549899995
163,88,088,Doherty/Gibson Playground,Playgrounds,5.72677554,42.29728354000005,-71.06185766649998
164,316,316,Wellesley Park,Parks,0.7134472,42.29601162700004,-71.06577711399996
165,3029,,McMorrow Playground,Playgrounds,5.23227413,42.29575340800005,-71.05107535349995
166,151,151,Hemenway Playground,Playgrounds,4.39559122,42.291396558500054,-71.05618519649997
167,257,257,Rev. Loesch Family Park,Parks,2.25173143,42.290667939500054,-71.06650416499997
168,7032,,Codman Burying Ground,Cemeteries & Burying Grounds,2.62546008,42.28937895000007,-71.07470859849997
169,312,312,Walsh Playground,Playgrounds,6.94625108,42.276959118000036,-71.07079706499997
170,91,091,Dorchester South Burying Ground,Cemeteries & Burying Grounds,1.93328338,42.27860808500006,-71.06708067249997
171,90,090,Dorchester Park,Parks,27.2996867,42.277079708500054,-71.06404367899995
172,3030,,Gallivan/Hallet Circle,"Malls, Squares & Plazas",0.47803119,42.28441461750006,-71.04620058399996
173,3031,,Toohig Playground,Playgrounds,2.12442011,42.28416240800004,-71.04992707899996
174,189,189,Martin/Hilltop Playground,Playgrounds,1.31399581,42.27961825600005,-71.05317375299998
175,7208,,10 Josephine Street Garden,Community Gardens,0.06909026,42.300563868500035,-71.06547902749998
176,205,205,Mother's Rest at Four Corners,Parks,1.14620734,42.29763808900006,-71.07199465649995
177,261,261,Ripley Playground,Playgrounds,0.84612895,42.29938254150005,-71.07608837349997
178,130,130,Garvey Playground,Playgrounds,5.26426894,42.28804907700007,-71.04557592699996
179,3032,,Ventura Playground,Playgrounds,1.31001994,42.270639405000054,-71.06242139649996
180,1011,,Geneva Cliffs I,Urban Wilds,1.7984447,42.303816591500066,-71.07277068049996
181,147,147,Hayes Park,Parks,0.2751935,42.343761529000034,-71.07548760649996
182,2155,,Peters Park II,Parks,0.50712416,42.34307874050006,-71.06706343299996
183,236,236,Peters Park I,Parks,3.32684208,42.34326168250004,-71.06739187049996
184,272,272,Rotch Playground,Playgrounds,2.74608007,42.34164598700005,-71.06413830049996
185,260,260,Ringgold Park,Parks,0.44552493,42.34328005750007,-71.07012553899995
186,24,024,Blackstone Square,"Malls, Squares & Plazas",2.44463878,42.33967486550006,-71.07357072799996
187,126,126,Franklin Square,"Malls, Squares & Plazas",2.48301375,42.33882152100006,-71.07253165799997
188,286,286,South End South Burying Ground,Cemeteries & Burying Grounds,1.47010128,42.337971208000056,-71.07395798649995
189,330,330,Worcester Square,"Malls, Squares & Plazas",0.34378499,42.33670725800005,-71.07474853649995
190,43,043,Carter Playground,Playgrounds,4.91494835,42.33887758000003,-71.08469507799995
191,304,304,Titus Sparrow Park,Parks,1.79889248,42.343577910500045,-71.07995068749997
192,314,314,Waltham Square,"Malls, Squares & Plazas",0.11841486,42.340610590500035,-71.06768221499996
193,144,144,Harriet Tubman Square,"Malls, Squares & Plazas",0.14178604,42.343447207000054,-71.07792478899995
194,65,065,Concord Square,"Malls, Squares & Plazas",0.14956232,42.34134458400007,-71.07886754199995
195,254,254,Ramsay Park,Parks,5.49386846,42.33453206050007,-71.08062616249998
196,2027,,Commonwealth Avenue Outbound,"Parkways, Reservations & Beaches",5.5282581,42.34683822750006,-71.14131740199997
197,4044,,Commonwealth Plaza,"Malls, Squares & Plazas",0.1567464,42.35105828500005,-71.11255375099995
198,2047,,Union Square Plaza,"Malls, Squares & Plazas",0.38992706,42.35330475650005,-71.13751935899995
199,53,053,Chester Square,"Malls, Squares & Plazas",0.89020425,42.33820622050007,-71.07927057249995
200,202,202,Msgr. Reynolds Playground,Playgrounds,0.32092654,42.34042070000007,-71.07058809799997
201,273,273,Rutland Square,"Malls, Squares & Plazas",0.15582059,42.34218223600004,-71.07852331399997
202,153,153,Hiscock Park,Parks,0.10575804,42.34267857100005,-71.07818705049996
203,23,023,Billings Field,Athletic Fields,10.77603957,42.28138444000004,-71.15609694699995
204,7039,,Mount Benedict Cemetery,Cemeteries & Burying Grounds,79.31400741,42.29632376950005,-71.16895681599996
205,7040,,Mount Lebanon Cemetery,Cemeteries & Burying Grounds,48.71769387,42.28984609550005,-71.17986315499996
206,7041,,Gethsemane Cemetery,Cemeteries & Burying Grounds,20.84240401,42.28690826800005,-71.17925860649996
207,3033,,Hancock Woods I,"Parkways, Reservations & Beaches",45.95344061,42.298017673500055,-71.16156131549994
208,3034,,Sawmill Brook/Brook Farm,"Parkways, Reservations & Beaches",149.44332308,42.286985300000055,-71.18086813899998
209,7044,,Congregation Mishkan Tefia Cemetery,Cemeteries & Burying Grounds,9.5877396,42.26056435800004,-71.16486149699995
210,93,093,Draper Playground,Playgrounds,5.86258777,42.26013851600007,-71.16063448499997
211,320,320,Westerly Burying Ground,Cemeteries & Burying Grounds,0.90354196,42.28153211850005,-71.15879891749995
212,239,239,Piemonte Park,"Malls, Squares & Plazas",0.08957481,42.29105696250005,-71.16355455899995
213,96,096,Duffie Square,"Malls, Squares & Plazas",0.05535156,42.28498443850006,-71.15303207499997
214,7046,,St Joseph's Cemetery,Cemeteries & Burying Grounds,129.11471872,42.29354182050005,-71.17367795699997
215,4,004,Allandale Woods I,Urban Wilds,48.14609073,42.29746785900005,-71.13891952549994
216,1012,,Allandale Woods III,Urban Wilds,16.72572172,42.29974676050006,-71.13860656549997
217,3035,,Bellevue Hill Reservation,"Parkways, Reservations & Beaches",26.66902106,42.27519505200004,-71.14358911299996
218,318,318,West Roxbury H.S. Athletic Fields,Athletic Fields,13.4250183,42.282564756000056,-71.17592646299994
219,253,253,Ramler Park,Parks,0.5060027,42.34255462750005,-71.10074200399995
220,1013,,Fernald Rock,Urban Wilds,0.06345156,42.31001151750007,-71.06717262649997
221,3036,,Nashua Street Park,"Parkways, Reservations & Beaches",2.03369846,42.36759282250006,-71.06694068599998
222,3037,,Chestnut Hill Reservoir,"Parkways, Reservations & Beaches",115.81199014,42.335126017500045,-71.15801850399995
223,234,234,Penniman Road Play Area,Parks,0.92237908,42.355291890000075,-71.13703386099996
224,219,219,O'Day Playground,Playgrounds,0.71771528,42.34072794700003,-71.07532685249996
225,6001,,Fan Pier Plaza,"Malls, Squares & Plazas",2.36341621,42.35465239550007,-71.04696095849997
226,334,334,Children's Wharf Harborwalk,"Malls, Squares & Plazas",0.22805971,42.352083502000056,-71.05000576649996
227,333,333,Martin's Park,Parks,1.12128945,42.35284502400006,-71.04915491449995
228,29,029,Braddock Park,"Malls, Squares & Plazas",0.09218721,42.344370176500064,-71.07878622349997
229,342,342,Veterans Park II,Parks,0.19887514,42.372075268500055,-71.04040063549996
230,4041,,East Boston Piers Park,Parks,6.79116545,42.36431757750006,-71.03651282049995
231,40,040,Caldwell Street Play Area,Parks,0.12752687,42.38537606700007,-71.07784414849996
232,173,173,L Street Beach,"Parkways, Reservations & Beaches",5.57148359,42.32904209250006,-71.03522588299995
233,3038,,M Street Beach,"Parkways, Reservations & Beaches",4.40304053,42.33078664750005,-71.03003129949997
234,295,295,Stonehill Park,Parks,0.36558742,42.254873129500055,-71.14102312899996
235,3039,,Strandway/Castle Island,"Parkways, Reservations & Beaches",47.70344233,42.334917663000056,-71.01801640249997
236,3040,,Marine Park,"Parkways, Reservations & Beaches",17.20141724,42.33732790950006,-71.02354382249996
237,4006,,UMass Harborwalk,"Parkways, Reservations & Beaches",13.08638195,42.31236661400004,-71.03951999749995
238,3041,,Malibu Beach,"Parkways, Reservations & Beaches",26.11969713,42.30853351400006,-71.04495746649997
239,3042,,Victory Road Park,"Parkways, Reservations & Beaches",6.15518826,42.29745540750005,-71.04576682999996
240,228,228,Parkman Memorial,Parks,6.71026098,42.31626677400004,-71.12395426399996
241,2031,,West Roxbury High School Marsh,Open Land,21.48685572,42.282382223500036,-71.17352590499996
242,3043,,West Roxbury Parkway,"Parkways, Reservations & Beaches",31.76358405,42.279578695000055,-71.14367752199996
243,339,339,Florida Street Reservation,"Malls, Squares & Plazas",0.06797622,42.291239605000044,-71.05985408549995
244,3044,,Tenean Beach,"Parkways, Reservations & Beaches",8.70228873,42.29148048500005,-71.04316633699997
245,7058,,Cedar Grove Cemetery,Cemeteries & Burying Grounds,54.18516548,42.277716055500036,-71.05699320599996
246,3045,,Martini Playground,"Parkways, Reservations & Beaches",5.78045491,42.24469861000006,-71.12681807299998
247,256,256,Reservation Road Park,Parks,9.32832139,42.24930850450005,-71.12910025099995
248,3046,,Colella Playground,Playgrounds,0.66053058,42.24456375500003,-71.13457238899997
249,3047,,Neponset Valley Parkway,"Parkways, Reservations & Beaches",5.54015396,42.24420089200004,-71.13506967999999
250,3048,,Dooley Playground,Playgrounds,0.53566356,42.254240655000046,-71.13442888299994
251,3049,,Stony Brook Reservation I,"Parkways, Reservations & Beaches",285.44155885,42.265800814000045,-71.13712483899994
252,7060,,Patrick J. Kelly Park,Parks,0.25171851,42.37546930700006,-71.05755127949996
253,7061,,Clark/Cooper Community Garden,Community Gardens,3.55447112,42.28842417000004,-71.10315168149995
254,3050,,Kennedy Garden,Community Gardens,0.15964578,42.26565726500007,-71.09576824749996
255,2033,,White Stadium,Parks,12.57440475,42.30959817400003,-71.09530099049996
256,3051,,Havey Beach,"Parkways, Reservations & Beaches",15.198967,42.27496817800005,-71.17527485899996
257,198,198,Millennium Park I,Parks,91.65706919,42.28235431300007,-71.18361867949994
258,288,288,South Street Mall & Courts,Parks,0.42841601,42.30793884000005,-71.11512896249997
259,7064,,First Church Cemetery,Cemeteries & Burying Grounds,0.62835826,42.31042589900005,-71.11666529199996
260,135,135,Golden Stairs Terrace Park I,Parks,0.17049598,42.36493838600006,-71.03411008599997
261,301,301,The Rockies,Urban Wilds,0.71451437,42.365106313500064,-71.03495577199996
262,54,054,Childe Hassam Park,"Malls, Squares & Plazas",0.06066722,42.34611835800007,-71.07465280699998
263,213,213,Nellie Miranda Memorial Park,Parks,0.08739218,42.318754147500044,-71.06518267499999
264,139,139,Grove Hall Plaza,"Malls, Squares & Plazas",0.08834848,42.30913831150005,-71.08323984599997
265,3052,,Chestnut Hill Reservoir Garden,Community Gardens,0.11362569,42.337892712500064,-71.16118360799996
266,2038,,Ohrenberger Play Area,Parks,0.67412629,42.26078918150003,-71.15016778949996
267,2039,,Wilson Square,"Malls, Squares & Plazas",0.05818013,42.35340622850006,-71.16511675899994
268,2159,,Little Mystic Access Area,Parks,2.06590881,42.38157596800005,-71.05634941549997
269,200,200,Moakley Park,Parks,58.77738076,42.32601295650005,-71.04967405149995
270,6003,,Kennedy Library Harborwalk,"Malls, Squares & Plazas",3.35985728,42.31513502400006,-71.03349761549995
271,232,232,Peabody Square,"Malls, Squares & Plazas",0.04662537,42.28598455200006,-71.06404107999995
272,3053,,Savin Hill Cove,"Parkways, Reservations & Beaches",1.77458013,42.30248023850007,-71.04886682749998
273,242,242,Daniel E. O'Connor Park,"Malls, Squares & Plazas",0.13515974,42.28851507600007,-71.04041334199994
274,218,218,Oakview Terrace,"Malls, Squares & Plazas",0.10008297,42.31906453950003,-71.10919500749995
275,3054,,Belle Isle Marsh Reservation,"Parkways, Reservations & Beaches",142.10358988,42.38913186800005,-70.99390625499996
276,7073,,Allandale Field,Athletic Fields,2.62654718,42.297548416500035,-71.13578925549996
277,2164,,Jamaicaway,"Parkways, Reservations & Beaches",4.75005995,42.32714415850003,-71.11313503999995
278,3056,,Perkins Street,"Parkways, Reservations & Beaches",0.22702045,42.32131068450005,-71.11805465049994
279,3057,,Chestnut Street,"Parkways, Reservations & Beaches",1.03910568,42.32191042650007,-71.12047535099995
280,113,113,Faneuil Square,"Malls, Squares & Plazas",0.81678949,42.36004494700006,-71.05646409749994
281,300,300,Temple Street Park,"Malls, Squares & Plazas",0.06073199,42.360056075000074,-71.06345686849997
282,2165,,American Legion Highway,"Parkways, Reservations & Beaches",6.77560767,42.29137049600004,-71.09638599399997
283,3058,,Morton Street,"Parkways, Reservations & Beaches",0.76096783,42.30028733350005,-71.10552984299997
284,7079,,St Michael's Cemetery,Cemeteries & Burying Grounds,46.50379724,42.28903259450004,-71.11049851549996
285,3059,,Patten's Cove,"Parkways, Reservations & Beaches",9.66123628,42.31365406450004,-71.04834023799995
286,3060,,Leo M. Birmingham Parkway,"Parkways, Reservations & Beaches",6.98172672,42.35867212550005,-71.15332284499996
287,2166,,Rivermoor II,Urban Wilds,1.03369101,42.277746809000035,-71.17925752649995
288,1014,,Rivermoor III,Urban Wilds,0.51911572,42.27805830200006,-71.17824877199996
289,1015,,Parley Vale Preserve,Parks,0.72398241,42.31511929650003,-71.11302219399994
290,1016,,Condor Street Overlook,Urban Wilds,0.45,42.38370456150005,-71.04154950849997
291,3061,,Truman Parkway,"Parkways, Reservations & Beaches",2.71500041,42.25587621550005,-71.11519565099996
292,1017,,West Austin Rock,Urban Wilds,0.29626499,42.26315819300004,-71.12601117849997
293,3062,,Arborway Overpass Path,"Parkways, Reservations & Beaches",1.16385539,42.30158611600004,-71.11204926999997
294,2167,,Franklin Park Zoo,Parks,63.82554862,42.30501073600007,-71.08998296799996
295,348,348,Newland Street Park,Parks,0.1534102,42.33912088150004,-71.07596057349997
296,331,331,Zero Quinn Way,Parks,0.03202902,42.28215353400006,-71.15738639249997
297,114,114,Fenelon Street Playground,Playgrounds,0.19241198,42.30318813000005,-71.07961326399996
298,293,293,Stanley-Bellevue Park,Parks,0.35813587,42.311309885500066,-71.06791538399995
299,1018,,Allandale Woods ROW,Urban Wilds,0.16386259,42.29766986450005,-71.13384382199996
300,291,291,St Helena's Park,Parks,0.17481047,42.34006191800003,-71.06694604949996
301,1019,,Theresa Hynes Park,Parks,0.42343944,42.344328307500064,-71.15456860099997
302,109,109,Ernst Chery Jr. Playground,Playgrounds,0.23395832,42.27425927100006,-71.09909795549996
303,1020,,Millennium Park II,Urban Wilds,8.33222815,42.28297040900006,-71.18934161249996
304,3064,,North Point Park,Parks,2.34133036,42.36857711250005,-71.06887003349996
305,4051,,Bremen Street Park I,Parks,17.78916058,42.37533288900005,-71.03027364249996
306,3065,,South Bank Park,"Parkways, Reservations & Beaches",2.39521477,42.367296715000066,-71.06162684699996
307,4056,,Lincoln Street Green,"Malls, Squares & Plazas",0.17757051,42.35273134500005,-71.05748120099997
308,4058,,Chinatown Park,"Malls, Squares & Plazas",0.84197364,42.35179829050006,-71.05909672999996
309,4059,,Armenian Heritage Park,"Malls, Squares & Plazas",0.2538375,42.360893105500054,-71.05323270299996
310,4061,,Endicott Triangle,"Malls, Squares & Plazas",0.03843055,42.36370417800006,-71.05740882949996
311,4063,,Dewey Square Parks,"Malls, Squares & Plazas",2.64044907,42.35463364900005,-71.05240913699996
312,2057,,Federal Reserve Bank Harborwalk,"Malls, Squares & Plazas",0.08032794,42.351856253500046,-71.05245839899996
313,7090,,Tufts Wharf Harborwalk,"Malls, Squares & Plazas",0.73915412,42.35341453800004,-71.05153805899997
314,7091,,Russia Wharf Harborwalk,"Malls, Squares & Plazas",0.06115193,42.35276321050006,-71.05203145449997
315,4068,,North End Park,"Malls, Squares & Plazas",2.82787538,42.36267243200007,-71.05667304049996
316,4069,,Wharf District Park,"Malls, Squares & Plazas",4.71128786,42.35727697450005,-71.05132888149998
317,192,192,McGann Park,Parks,0.88087107,42.26418559250004,-71.12774285949996
318,16,016,Bay Village Garden,"Malls, Squares & Plazas",0.01815408,42.34913754400006,-71.06836146649997
319,4070,,Bussey Brook Meadow II,Open Land,1.25776152,42.29961928500006,-71.11574282149996
320,2172,,Franklin Park II,Parks,16.44115769,42.30412288350004,-71.09119691499995
321,1021,,Brian Honan Park,Parks,0.96367385,42.34434003600006,-71.14023932399996
322,1022,,Allandale Woods II,Urban Wilds,10.60073766,42.29991383250004,-71.13413935299997
323,7104,,Mattahunt Woods II,Other Open Land,3.40667513,42.27425864150004,-71.10465259049997
324,2073,,BPL Courtyard,"Malls, Squares & Plazas",0.18670139,42.34942457900007,-71.07791367399997
325,2176,,Sharon's Park,"Malls, Squares & Plazas",0.31493329,42.321472658500056,-71.05517102749997
326,1023,,Mattahunt Woods I,Urban Wilds,8.85081077,42.273461714000064,-71.10442702699996
327,20,020,Beethoven School Play Area,Parks,0.52464693,42.26387813850005,-71.15529218149996
328,3,003,Algonquin Square,"Malls, Squares & Plazas",0.03890156,42.29774112800004,-71.07298623199998
329,102,102,Robert G. Lawson Park,"Malls, Squares & Plazas",0.12211615,42.31589681900007,-71.09852385149995
330,2178,,Hunt Playground II,Playgrounds,0.18639601,42.27582773000006,-71.09683112099995
331,2077,,Golden Stairs Terrace Park II,"Malls, Squares & Plazas",0.07587316,42.36490271000005,-71.03389858649996
332,138,138,Foley Square,"Malls, Squares & Plazas",0.14070438,42.26413578300006,-71.11808325499996
333,340,340,Jones Square,"Malls, Squares & Plazas",0.04306554,42.25252405050006,-71.11375786549996
334,7116,,Schraffts Centre Harborwalk,"Malls, Squares & Plazas",1.00812584,42.38582200300007,-71.06907881049995
335,1024,,Roslindale Wetlands Urban Wild I,Urban Wilds,9.58705106,42.29314187050005,-71.13225098099994
336,315,315,Webster Square,"Malls, Squares & Plazas",0.05439216,42.25787662000005,-71.12073804899998
337,327,327,Wolf Square,"Malls, Squares & Plazas",0.02279554,42.31431232650007,-71.09135168549997
338,329,329,Woodworth Square,"Malls, Squares & Plazas",0.03458118,42.255560376000034,-71.11253387099995
339,4074,,East Boston Memorial Park II,Parks,1.80074841,42.37056573350006,-71.02902117849996
340,4016,,East Boston Memorial Park III,Parks,3.25828701,42.37234786850004,-71.03216512949996
341,4075,,Bremen Street Park II,Parks,0.00973802,42.37815877750006,-71.02591471199995
342,38,038,Bussey Brook Meadow I,Urban Wilds,24.6767483,42.297078372000044,-71.11918027349998
343,3068,,Arborway II,"Parkways, Reservations & Beaches",1.15264166,42.30071505650005,-71.10841199399997
344,1025,,Allandale Woods IV,Urban Wilds,6.29445592,42.29982354150005,-71.13271362099997
345,7122,,Allandale Woods V,Urban Wilds,2.78226138,42.29838911050004,-71.13174208949997
346,7128,,Pier Four Harborwalk,"Malls, Squares & Plazas",0.08833499,42.35282711500005,-71.04248154299995
347,13,013,Back Bay Fens,Parks,70.10028354,42.34102701750007,-71.09581352449996
348,263,263,Riverway I,Parks,17.1859298,42.34272497000006,-71.10741242299997
349,264,264,Riverway III,Parks,5.29710791,42.33473119000004,-71.11121258449995
350,3069,,Riverway IV,"Parkways, Reservations & Beaches",1.92234381,42.334197636000056,-71.11115399349995
351,163,163,Jamaica Pond Park,Parks,97.73817701,42.31758780800004,-71.12020020049994
352,3070,,Charlesgate II,"Parkways, Reservations & Beaches",1.48764482,42.34704333800005,-71.09138738649997
353,3071,,Agassiz Road,"Parkways, Reservations & Beaches",0.60408234,42.343151132500054,-71.09290281099996
354,3072,,Columbia Road Park,Parks,0.12376056,42.32084707900003,-71.05611653399995
355,2186,,Boylston Street I,"Parkways, Reservations & Beaches",0.61687744,42.34594054050004,-71.09442080299996
356,3074,,Boylston Street II,"Parkways, Reservations & Beaches",1.78015257,42.34697171800005,-71.09306306949995
357,3075,,The Fenway II,"Parkways, Reservations & Beaches",0.7685747,42.34249465500005,-71.10271118849997
358,2187,,Park Drive I,"Parkways, Reservations & Beaches",5.09545412,42.34182092900005,-71.09710830999998
359,3077,,Park Drive II,"Parkways, Reservations & Beaches",1.38266086,42.342881758500056,-71.10260790449996
360,338,338,Fire Alarm House Grounds,Parks,0.84452826,42.344177004000045,-71.09123357949997
361,3078,,Riverway II,"Parkways, Reservations & Beaches",2.36332055,42.34184903950006,-71.10655922599997
362,2188,,Riverway V,"Parkways, Reservations & Beaches",0.44906601,42.33822694050005,-71.11038394499994
363,62,062,Commonwealth Avenue Mall I,"Malls, Squares & Plazas",10.87118254,42.35335704450003,-71.07275741299998
364,3080,,Centre Street II,"Parkways, Reservations & Beaches",0.33933367,42.297187597500056,-71.13167186849998
365,3081,,Centre Street I,"Parkways, Reservations & Beaches",2.24981233,42.305557416000056,-71.12365274649997
366,3082,,Centre Street IV,"Parkways, Reservations & Beaches",0.31576081,42.298651600000056,-71.13024995749996
367,7132,,Reserved Channel Harborwalk,"Malls, Squares & Plazas",3.18537612,42.34151280350005,-71.03685176599996
368,4078,,Tunnel Harborwalk,"Malls, Squares & Plazas",0.18410324,42.348369854000055,-71.03369009799997
369,2190,,Aquarium Harborwalk II,"Malls, Squares & Plazas",0.05082117,42.35834291450007,-71.05023684349996
370,7133,,India Wharf Harborwalk,"Malls, Squares & Plazas",0.41591327,42.35783451650008,-71.04981816549997
371,7134,,Rowe's Wharf Harborwalk,"Malls, Squares & Plazas",1.25944293,42.35659344650003,-71.04978829199996
372,7135,,400R Atlantic Avenue Harborwalk,"Malls, Squares & Plazas",0.04594522,42.35552166800005,-71.05004313899994
373,6005,,408 Atlantic Avenue Harborwalk,"Malls, Squares & Plazas",0.03425732,42.355179446500074,-71.05023482999997
374,7136,,Independence Wharf Harborwalk,"Malls, Squares & Plazas",0.17578463,42.354176819500054,-71.05123671899995
375,7137,,Commercial Wharf Harborwalk,"Malls, Squares & Plazas",0.19451575,42.36189583700005,-71.04832521749998
376,1026,,Nancy Kafka Reserve,Parks,0.71482504,42.324874666000056,-71.09249814949996
377,32,032,Brighton Common,"Malls, Squares & Plazas",0.50666062,42.34781614900007,-71.15362008049996
378,297,297,Sweeney Playground,Playgrounds,0.46237615,42.33722106700006,-71.05157253899998
379,275,275,Ryan Play Area,Parks,0.63636129,42.31774484950006,-71.05621490999997
380,174,174,Lambert Avenue Playground,Playgrounds,0.6620697,42.327245712000064,-71.09064810349997
381,2,002,Adams/King Playground,Playgrounds,0.67749653,42.293541343000044,-71.05678987699994
382,3083,,Meany Park,Parks,0.23297897,42.31886827150004,-71.05916919099997
383,178,178,Lincoln Square 1,"Malls, Squares & Plazas",0.05462822,42.35161156600006,-71.06786132149995
384,37,037,Bunker Hill Burying Ground,Cemeteries & Burying Grounds,1.10725989,42.379402133500065,-71.06178490449994
385,59,059,Clifford Playground,Playgrounds,7.55334443,42.32626385100005,-71.06892391199997
386,106,106,Elmhurst Street Park,Parks,0.2348565,42.289408646000055,-71.07647061449995
387,1027,,Dunbarton Woods,Urban Wilds,0.73523252,42.260708159000046,-71.15442220449998
388,7141,,Joe's American Harborwalk,"Malls, Squares & Plazas",0.04359801,42.36185611050007,-71.05060163049995
389,30,030,Bradford Street Play Area,Parks,0.03665251,42.34268664900006,-71.06901527799997
390,179,179,Lincoln Square 2,"Malls, Squares & Plazas",0.21659302,42.33465769600005,-71.03380805199996
391,177,177,Laviscount Park,Parks,1.1541777,42.316509180000054,-71.08610780849995
392,294,294,Statler Park,"Malls, Squares & Plazas",0.2326726,42.35064340550005,-71.06906713649997
393,159,159,Hynes Playground,Playgrounds,6.41668495,42.29452830200006,-71.15359875399994
394,3084,,Rink Grounds 1,Parks,0.7343436,42.37411272700004,-71.06642352299997
395,3085,,Roxbury Heritage State Park I,Parks,1.78135758,42.330736325500055,-71.09030907749997
396,103,103,Eliot Burying Ground,Cemeteries & Burying Grounds,0.7936643,42.33199297050004,-71.08109953599995
397,1028,,Blake Estates Urban Wild I,Urban Wilds,1.20888687,42.25145857800004,-71.12459254999996
398,3086,,Railroad Avenue,Urban Wilds,1.09888797,42.25795980600003,-71.11501421349996
399,111,111,Fairview Cemetery,Cemeteries & Burying Grounds,59.06,42.24730223450007,-71.14145551349995
400,169,169,Joyce Playground,Playgrounds,1.3648205,42.34537580700004,-71.15144787449995
401,44,044,Cassidy Playground,Playgrounds,9.60773626,42.33479486300004,-71.15214592749996
402,283,283,Shubow Park I,Parks,0.57167722,42.340203653500055,-71.15200876499995
403,2191,,Shubow Park II,Parks,0.15557707,42.34009856000006,-71.15189801449998
404,7142,,St Augustine Burying Ground,Cemeteries & Burying Grounds,0.91315492,42.33434186550005,-71.04963644499995
405,48,048,Central Square,"Malls, Squares & Plazas",0.9050867,42.374902657000064,-71.03945179249996
406,271,271,Rossmore/Stedman Park,Parks,0.07356577,42.30471612600007,-71.10665292399997
407,31,031,Brewer-Burroughs Tot Lot,Parks,0.19124932,42.31169224850004,-71.11556578199995
408,2194,,The Fenway I,"Parkways, Reservations & Beaches",6.75107846,42.341014187500065,-71.09579559199994
409,345,345,Public Ground,"Malls, Squares & Plazas",0.06371687,42.349331179000046,-71.14987693049994
410,349,349,Tebroc Street Playlot,Parks,0.07342236,42.30371139700006,-71.07027379799996
411,7149,,Aquarium Harborwalk I,"Malls, Squares & Plazas",0.57319833,42.35901179600006,-71.04951044199998
412,140,140,Hanlon Square,"Malls, Squares & Plazas",0.0384283,42.33419794050005,-71.10525153499998
413,337,337,Essex Square,"Malls, Squares & Plazas",0.02510106,42.37938224900003,-71.06999335899997
414,208,208,Mt. Pleasant Play Area,Parks,0.39857232,42.32710297850005,-71.07914381499998
415,168,168,Joslin Park,"Malls, Squares & Plazas",0.30792907,42.33838184500007,-71.10871981649996
416,243,243,Portsmouth Street Playground,Playgrounds,4.26129194,42.35950336600007,-71.14545008549996
417,150,150,Heath Square,"Malls, Squares & Plazas",0.09790836,42.32631653400006,-71.10037201349996
418,336,336,Emmel Square,"Malls, Squares & Plazas",0.01828282,42.28739211800004,-71.13200697649995
419,305,305,Tremlett Square,"Malls, Squares & Plazas",0.1581,42.29541413550007,-71.06751170899997
420,2102,,Bonito Square,"Malls, Squares & Plazas",0.0621615,42.38959410050006,-70.99905936199997
421,3088,,Richardson Park,"Malls, Squares & Plazas",1.11426156,42.31961329900005,-71.06008987599998
422,265,265,Roberts Playground,Playgrounds,10.22630854,42.285632511000074,-71.07328670199996
423,3090,,Willow Pond Meadow,Parks,6.25209794,42.32456048800003,-71.11564581549996
424,221,221,Olmsted Park,Parks,42.82523011,42.32770397300007,-71.11402942699996
425,127,127,Frieda Garcia Park,Parks,0.26781767,42.34818911700003,-71.07345891449998
426,2198,,Raymond V. Mellone Park II,Parks,0.475156,42.360280689000064,-71.12780669499995
427,7193,NULL,Rena Park,Parks,2.2240593,42.360853733000056,-71.12766306599997
428,3091,,Stony Brook Reservation III,"Parkways, Reservations & Beaches",70.24374286,42.26158397650008,-71.13221384099995
429,132,132,George Wright Golf Course,Parks,155.98362996,42.26768137900004,-71.13299889049998
430,1029,,DeForest Urban Wild,Urban Wilds,1.0238238,42.268025324000064,-71.13039054499998
431,7156,,ICA Pier Walk,"Malls, Squares & Plazas",0.29264781,42.35288082000005,-71.04304822699996
432,7157,,Fan Pier Harborwalk,"Malls, Squares & Plazas",1.66183038,42.35400878750008,-71.04445306849996
433,194,194,McLaughlin Playground,Playgrounds,11.66941737,42.328352272000075,-71.10304816749996
434,1030,,Parker Hilltop,Urban Wilds,1.69475448,42.329010455500054,-71.10494816149998
435,182,182,LoPresti Park,Parks,3.23416881,42.37004387950006,-71.04373424299996
436,255,255,Raymond V. Mellone Park I,Parks,1.08096812,42.360778058500046,-71.12731123149996
437,136,136,General Edward O. Gourdin African-American Veterans Memorial Park,"Malls, Squares & Plazas",0.50447733,42.32891998600007,-71.08569869149997
438,104,104,Elliot Norton Park,Parks,0.94506693,42.34919250750005,-71.06596056299995
439,2108,,Bay Village Neighborhood Park,"Malls, Squares & Plazas",0.09401441,42.34951692800004,-71.06680458799997
440,18,018,Beauford Play Area,Parks,0.23574206,42.31588729000006,-71.07569784449996
441,55,055,Children's Park,Parks,0.34855408,42.31063003950007,-71.07816011749998
442,325,325,Winthrop Playground,Playgrounds,1.56102517,42.31750587150006,-71.07598495099995
443,86,086,Denton Square,"Malls, Squares & Plazas",0.07436155,42.31356190450006,-71.07244620549997
444,49,049,Ceylon Park,Parks,4.64357435,42.31030520650006,-71.07394872549997
445,141,141,Hannon Playground,Playgrounds,1.96738119,42.31951535250005,-71.07152251899998
446,4082,,Portal Park,"Malls, Squares & Plazas",0.36661681,42.366238243000055,-71.06037335249997
447,149,149,Healy Playground,Playgrounds,9.60460873,42.288299049000045,-71.12366385799996
448,2202,2202,Menino Park,Parks,1.23670225,42.377830597500065,-71.04836549099997
449,290,290,Spectacle Island I,Parks,86.00358069,42.32586512800003,-70.98708089049995
450,3093,,Spectacle Island II,Parks,25.52192665,42.32164580400004,-70.98558122799994
451,68,068,Cook Street Play Area,Parks,0.10135288,42.38090856000008,-71.06406163199995
452,7164,,Spaulding Rehabilitation Plaza,"Malls, Squares & Plazas",0.29724262,42.37953811100007,-71.05051027449994
453,5002,,Navy Yard Grounds,Parks,3.58076532,42.374272922000046,-71.05693990299997
454,56,056,Christopher Columbus Park,Parks,4.86711363,42.361321447500046,-71.05159810549995
455,2209,,Long Wharf,"Malls, Squares & Plazas",3.90122458,42.36000017150005,-71.04921483899997
456,235,235,Peter Looney Park,Parks,0.66841561,42.37427615350006,-71.06582160699995
457,2211,,Charlestown Naval Shipyard Park I,Parks,9.58138441,42.37309625650005,-71.05285864899997
458,3094,,Constitution Beach,"Parkways, Reservations & Beaches",25.31309776,42.38323867100004,-71.00961980899996
459,4085,,Massport Harborwalk,"Malls, Squares & Plazas",2.47144426,42.36166025150004,-71.02710264099994
460,214,214,Nira Rock,Urban Wilds,1.44765781,42.32539883950005,-71.10972334899998
461,165,165,Jefferson Playground,Playgrounds,3.40077045,42.326180969000035,-71.10861569399995
462,3095,,Arborway I,"Parkways, Reservations & Beaches",16.77585562,42.30547955250006,-71.11751893049998
463,350,350,Amory Street Park,Parks,0.12224663,42.31961303300005,-71.09986459299995
464,248,248,Puopolo Playground,Playgrounds,2.65425058,42.36846590500005,-71.05440027899996
465,3097,,Stony Brook Reservation II,"Parkways, Reservations & Beaches",141.95723737,42.26289563800003,-71.14517673049994
466,335,335,A Street Park,Parks,1.3607258,42.343760348000046,-71.05286863949996
467,7174,,Fort Point Channel Harborwalk,"Malls, Squares & Plazas",1.41395605,42.34909380950006,-71.05228112899997
468,124,124,Franklin Park,Parks,392.18501638,42.29919302850004,-71.09520658649998
469,3098,,Charlesgate I,"Parkways, Reservations & Beaches",6.59092994,42.34967217450006,-71.09222564099997
470,1,001,Adams Park,Parks,0.7051637,42.28646210750006,-71.12833513649997
471,11,011,Arnold Arboretum,Parks,224.27203832,42.30214726250006,-71.12297779899995
472,6,006,Hunt Playground,Playgrounds,18.67,42.274029461000055,-71.09703403099996
473,3099,,Pope John Paul II Park I,"Parkways, Reservations & Beaches",70.00617732,42.28102827600006,-71.04397950699996
474,3100,,Port Norfolk Park,"Parkways, Reservations & Beaches",12.72565247,42.28816107100005,-71.03858378299995
475,4091,,Pope John Paul II Park II,"Parkways, Reservations & Beaches",0.33162551,42.28570117000004,-71.03910144749995
476,3101,,Neponset River Reservation I,"Parkways, Reservations & Beaches",183.50152012,42.272801734500035,-71.05940821149994
477,3102,,West Link Park,"Parkways, Reservations & Beaches",3.58777585,42.322386736000055,-71.04491273949995
478,3103,,Carson Beach,"Parkways, Reservations & Beaches",24.64639659,42.32642110100008,-71.04115153849995
479,3104,,Commercial Point,"Parkways, Reservations & Beaches",2.38153477,42.30190246800004,-71.04800656649996
480,3105,,Charles River Reservation,"Parkways, Reservations & Beaches",171.8964419,42.35867468550006,-71.09335506099995
481,120,120,Forbes Street Playground,Playgrounds,0.09115367,42.32056582800004,-71.10604534149996
482,309,309,Union Park Street Playground,Playgrounds,0.40978067,42.33954175850005,-71.06554342849998
483,244,244,Porzio Park,Parks,2.50423194,42.36471875950005,-71.02865667399996
484,270,270,Ross Playground,Playgrounds,13.12495412,42.26411925900007,-71.11293523699996
485,207,207,Mt. Hope Cemetery,Cemeteries & Burying Grounds,125.04694818,42.282499342500074,-71.10667873449998
486,7186,,Calvary Cemetery,Cemeteries & Burying Grounds,47.23674938,42.27709399900007,-71.11139009349995
487,7187,,New Calvary Cemetery,Cemeteries & Burying Grounds,59.44638436,42.279245508500054,-71.10298506199996
488,276,276,Savin Hill Park,Parks,8.29027982,42.31077845050007,-71.04893953549995
489,4093,,Southwest Corridor Park,"Parkways, Reservations & Beaches",48.47698106,42.312662030500064,-71.10628019649997
490,222,222,Orton Field,Athletic Fields,1.59444785,42.338636805500045,-71.05327651349995
491,230,230,Paul Gore Street Park,Parks,0.7340119,42.31990996250005,-71.10791041299996
492,5,005,Allen Park,Parks,1.29344677,42.30811214400006,-71.06321584599996
493,2125,,Boston Nature Center_Visitor Ctr,Parks,2.33062987,42.288251221500076,-71.10129818449997
494,7189,,Boston Nature Center,Urban Wilds,58.53155346,42.28835244950005,-71.10071009599997
495,75,075,Cunningham Park,"Malls, Squares & Plazas",0.17970203,42.35011209350006,-71.14771116899996
496,195,195,McLean Playground,Playgrounds,0.4270713,42.38269913100004,-71.01923781549996
497,4094,,Navy Fuel Pier Airport Edge Buffer,Parks,0.84353898,42.363556442500055,-71.02961556899996
498,117,117,Fidelis Way Park,Parks,4.90352493,42.34777385700005,-71.14322675399998
499,142,142,Harambee Park,Parks,44.74639215,42.29274633950004,-71.08487241249998
500,7190,,St Mary's Cemetery,Cemeteries & Burying Grounds,10.50258252,42.290236042500055,-71.08024715049996
501,3107,,VFW Parkway I,"Parkways, Reservations & Beaches",12.44234167,42.28531987100004,-71.17198837749996
502,343,343,VFW Parkway II,Parks,0.64656848,42.296681473000035,-71.13407838449996
503,42,042,Carroll Pond Playground,Playgrounds,0.48428662,42.256388034000054,-71.15979417649996
504,220,220,O'Donnell Square,"Malls, Squares & Plazas",0.06098479,42.290546649500044,-71.04850181499995
505,7191,,Grove Street Cemetery,Cemeteries & Burying Grounds,25.38168175,42.25888413200005,-71.15404959099996
506,171,171,King's Chapel Burying Ground,Cemeteries & Burying Grounds,0.43176542,42.35828654200006,-71.05983846199996
507,2130,,Blue Hill Club Recreation Center,Parks,3.04202852,42.29402656800005,-71.08664506349996
508,3108,,Columbia Road/Day Boulevard,"Parkways, Reservations & Beaches",16.85070443,42.32601070600006,-71.04966716349998
509,332,332,Columbia Park,Parks,0.33933352,42.333120287500066,-71.02551187549997
510,2135,,Bellevue Street Green,"Malls, Squares & Plazas",0.11772279,42.276401693000054,-71.14556271949996
511,347,347,Walnut Park,"Malls, Squares & Plazas",0.06010444,42.31529268600005,-71.09588656199995
512,2137,,Mirabella Pool,Parks,1.36211167,42.36883771300006,-71.05420120899996
513,1032,,Theresa Hynes Park Access Easement,Parks,0.02090878,42.34455920100004,-71.15394862699995
514,351,351,Union Park,Parks,0.36843561,42.34285793300006,-71.07142915299994
515,1033,,Blake Estates Urban Wild II,Urban Wilds,0.35358998,42.25163661800005,-71.12452484849996
516,7192,,Stony Brook Reservation CR,"Parkways, Reservations & Beaches",2.55650047,42.259162915000076,-71.13120798549997
517,3109,,Rink Grounds 2,Parks,2.52599648,42.28845087300007,-71.04481991449995
518,14,14,Mount Hope Park,Parks,0.1092459,42.28469913400005,-71.11865017549997
519,217,217,Oak Square I,"Malls, Squares & Plazas",0.23433381,42.350869819500076,-71.16807768899997
520,8,008,Henry Square,"Malls, Squares & Plazas",0.05217643,42.28279538250007,-71.05607220199997
521,7268,,Melnea A. Cass Recreational Complex,Parks,2.58263465,42.321719683000055,-71.09073974549995
522,7261,,Puerto Rican Veterans Memorial Park,"Malls, Squares & Plazas",0.13484183,42.340799974500044,-71.07134563949998
523,7269,,East Boston Greenway Extension,Parks,1.24227069,42.38173075350005,-71.01700023949996
524,7270,,Wood Island Bay Edge Park,Parks,0.59879283,42.380362590500056,-71.01660108549996
525,7263,352,Dearborn Street Square,"Malls, Squares & Plazas",0.0293237,42.32990064100005,-71.07889182749997
526,7265,,Babson Cookson Tract,Urban Wilds,2.41135373,42.27299295550006,-71.09116898899995
527,7274,7274,Paula Titus Park,Parks,0.18237447,42.326214434000036,-71.09583478849996
528,7271,7271,Watson Park,Parks,0.10689584,42.34372506550005,-71.06850409749995
529,7272,7272,Nonquit Street Green,Parks,0.3404661,42.31811642950004,-71.06839624049996
530,7273,7273,Mahoney Park,Parks,0.38110158,42.34200770600006,-71.05138175799996
531,2106,2106,Boundary I,Urban Wilds,6.92577563,42.26934764300006,-71.13798955649997
1340,7275,7275,Sprague Pond,Urban Wilds,1.19620239,42.23378641300005,-71.13800620649997
2541,7276,7276,Codman Square,"Malls, Squares & Plazas",0.35071001,42.29041826650007,-71.07108245799998
2940,7277,7277,Murphy Playground I,Playgrounds,2.44919749,42.30734063500003,-71.11343982849996
